time,seconds_elapsed,z,y,x
1713016037059098000,0.06909814453125,0.11545353382825851,-0.025045474991202354,-0.022143865004181862
1713016037076455200,0.086455078125,0.11911872029304504,0.005039638374000788,-0.07437284290790558
1713016037093813800,0.103813720703125,0.11575896292924881,0.0025961773935705423,-0.09498954564332962
1713016037111175700,0.12117578125,0.09636399149894714,-0.01817324012517929,-0.08659014850854874
1713016037128544800,0.138544677734375,0.07559457421302795,-0.041233405470848083,-0.062460970133543015
1713016037145899300,0.155899169921875,0.043676864355802536,-0.042760565876960754,-0.027641652151942253
1713016037163290000,0.1732900390625,0.010079276748001575,0.0064140851609408855,-0.008704829961061478
1713016037180608800,0.19060888671875,-0.01114829070866108,0.05207626149058342,-0.011301007121801376
1713016037197969000,0.207968994140625,-0.01237002108246088,0.055741455405950546,-0.012522737495601177
1713016037215338200,0.225338134765625,-0.01710422709584236,0.019394971430301666,0.006872233934700489
1713016037232710400,0.24271044921875,-0.02733621932566166,-0.06750060617923737,0.036041051149368286
1713016037250074600,0.26007470703125,-0.02229658141732216,-0.12278391420841217,0.06887505948543549
1713016037267431700,0.277431640625,-0.0006108652451075613,-0.2926044464111328,0.1638645976781845
1713016037284792000,0.2947919921875,0.03039054572582245,-0.5067127346992493,0.3778201639652252
1713016037302152000,0.31215185546875,0.06154467165470123,-0.8028296232223511,0.6682865619659424
1713016037319511000,0.329510986328125,0.10842858254909515,-1.2893837690353394,0.897513747215271
1713016037336873200,0.346873291015625,0.10186178237199783,-1.4414892196655273,0.849255383014679
1713016037354239200,0.3642392578125,0.12049316614866257,-1.324813961982727,0.3246748745441437
1713016037371594800,0.3815947265625,0.03985895588994026,-0.4856378734111786,-0.40103304386138916
1713016037396035800,0.406035888671875,-0.13041973114013672,1.3197743892669678,-1.1925616264343262
1713016037412826000,0.422826171875,-0.19058994948863983,1.6218472719192505,-1.0009026527404785
1713016037430186500,0.4401865234375,-0.1586722433567047,1.140485405921936,-0.40622538328170776
1713016037447544300,0.45754443359375,-0.0659734457731247,0.31871894001960754,0.25534167885780334
1713016037464907500,0.474907470703125,0.05009094998240471,-0.2736676335334778,0.5908594131469727
1713016037482259200,0.49225927734375,0.16951510310173035,-0.46150869131088257,0.4657847583293915
1713016037499603000,0.50960302734375,0.19104810059070587,-0.28649580478668213,0.11743884533643723
1713016037516967700,0.5269677734375,0.1414152979850769,0.013591751456260681,-0.17088955640792847
1713016037534326800,0.544326904296875,0.06368270516395569,0.1846340149641037,-0.22082778811454773
1713016037551687400,0.5616875,-0.019547687843441963,0.2816088795661926,-0.060322944074869156
1713016037569047800,0.5790478515625,-0.0708603709936142,0.2561052441596985,0.1609629988670349
1713016037586408700,0.59640869140625,-0.09346238523721695,0.08903361111879349,0.266184538602829
1713016037603768800,0.613768798828125,-0.10842858254909515,-0.040164388716220856,0.22937989234924316
1713016037621129500,0.63112939453125,-0.10384709388017654,-0.08231408894062042,0.08765916526317596
1713016037638490400,0.648490478515625,-0.12324206531047821,-0.05115996301174164,-0.08888089656829834
1713016037655849500,0.665849365234375,-0.13500121235847473,-0.020311269909143448,-0.21853704750537872
1713016037673215000,0.683215087890625,-0.10980302840471268,-0.05467243865132332,-0.23976461589336395
1713016037690569500,0.700569580078125,-0.05665775015950203,-0.1498146951198578,-0.1690569519996643
1713016037707925800,0.71792578125,-0.009010262787342072,-0.28328874707221985,-0.07651086896657944
1713016037725292800,0.735292724609375,0.02672535367310047,-0.31642818450927734,-0.04108068719506264
1713016037742651400,0.7526513671875,0.03329215571284294,-0.23609942197799683,-0.051770828664302826
1713016037760010800,0.7700107421875,0.007635815534740686,-0.03894266113638878,-0.09193521738052368
1713016037777371400,0.787371337890625,-0.012675453908741474,0.2177734673023224,-0.1287398487329483
1713016037794732800,0.80473291015625,-0.015882495790719986,0.38957929611206055,-0.10491610318422318
1713016037812092700,0.8220927734375,-0.016340645030140877,0.4225660264492035,-0.013591751456260681
1713016037829456100,0.8394560546875,-0.0006108652451075613,0.3602577745914459,0.09666942805051804
1713016037846813200,0.856813232421875,0.02367102913558483,0.27809640765190125,0.16340644657611847
1713016037864175400,0.87417529296875,0.047800205647945404,0.21242839097976685,0.15775595605373383
1713016037881533000,0.891532958984375,0.07208210229873657,0.19364428520202637,0.09682214260101318
1713016037898907100,0.9089072265625,0.08918632566928864,0.21960605680942535,0.046731192618608475
1713016037916268800,0.926268798828125,0.09773843735456467,0.2773328125476837,0.02626720629632473
1713016037933608200,0.943608154296875,0.08307767659425735,0.26908615231513977,0.014049900695681572
1713016037950985500,0.9609853515625,0.06322455406188965,0.1511891484260559,0.012522737495601177
1713016037968345900,0.978345947265625,0.04566217586398125,0.015118914656341076,0.019394971430301666
1713016037985706500,0.99570654296875,0.03237585723400116,-0.1371392458677292,0.03634648025035858
1713016038003063000,1.01306298828125,0.014508049935102463,-0.2756529450416565,0.062460970133543015
1713016038020427000,1.030427001953125,0.0039706239476799965,-0.3927863538265228,0.06994406878948212
1713016038037779700,1.04777978515625,0.021532999351620674,-0.44745880365371704,0.051312681287527084
1713016038055148000,1.06514794921875,0.03039054572582245,-0.3978259861469269,0.04993823543190956
1713016038072508200,1.082508056640625,0.020463986322283745,-0.31444287300109863,0.04352414980530739
1713016038089868800,1.099868896484375,0.013591751456260681,-0.20693060755729675,0.020922135561704636
1713016038107229200,1.117229248046875,-0.008704829961061478,-0.11942415684461594,-0.01038470957428217
1713016038124585000,1.1345849609375,-0.03787364438176155,-0.048105638474226,-0.06261368840932846
1713016038141939700,1.151939697265625,-0.06536258012056351,0.030085112899541855,-0.12232576310634613
1713016038159315500,1.1693154296875,-0.07192938029766083,0.11728613078594208,-0.14034628868103027
1713016038176670700,1.186670654296875,-0.06001751124858856,0.1443169116973877,-0.11499538272619247
1713016038194031000,1.204031005859375,-0.021074850112199783,0.10201449692249298,-0.0679587572813034
1713016038211381200,1.22138134765625,0.012522737495601177,0.04398229718208313,-0.003817907767370343
1713016038228752000,1.238751953125,0.031612277030944824,-0.006872233934700489,0.04214970022439957
1713016038246109700,1.256109619140625,0.032681290060281754,0.011453723534941673,0.02626720629632473
1713016038263472600,1.27347265625,0.029626963660120964,0.07971791177988052,-0.009926560334861279
1713016038280835800,1.2908359375,0.03588833287358284,0.18356500566005707,-0.008704829961061478
1713016038298193400,1.308193359375,0.05772676691412926,0.26771169900894165,0.024587325751781464
1713016038315554000,1.325553955078125,0.06261368840932846,0.3384193480014801,0.038179077208042145
1713016038332904200,1.342904296875,0.05497787147760391,0.4236350357532501,0.04902193695306778
1713016038350274600,1.360274658203125,0.058337632566690445,0.5322163701057434,0.08231408894062042
1713016038367635000,1.377635009765625,0.05665775015950203,0.6777549982070923,0.13897185027599335
1713016038384995600,1.39499560546875,0.04489859566092491,0.8396342992782593,0.19624045491218567
1713016038402351000,1.41235107421875,0.04153883829712868,0.997237503528595,0.20845776796340942
1713016038419716400,1.42971630859375,0.03390302136540413,1.17240309715271,0.1872301995754242
1713016038437081600,1.44708154296875,0.036041051149368286,1.2852604389190674,0.16081027686595917
1713016038454436900,1.464436767578125,0.06490442901849747,1.3400856256484985,0.13897185027599335
1713016038471797500,1.481797607421875,0.09239336848258972,1.5303701162338257,0.11652254313230515
1713016038489158100,1.499158203125,0.10094548016786575,1.8493945598602295,0.11484266817569733
1713016038506518300,1.516518310546875,0.13454307615756989,2.2157609462738037,0.16539175808429718
1713016038523878700,1.533878662109375,0.154396191239357,2.4908030033111572,0.24358251690864563
1713016038541239000,1.551239013671875,0.21563543379306793,2.8095219135284424,0.3442225754261017
1713016038558599700,1.568599609375,0.2952006161212921,3.0579915046691895,0.4902193546295166
1713016038575959800,1.585959716796875,0.36682456731796265,3.3066136837005615,0.6171266436576843
1713016038593320200,1.6033203125,0.39446622133255005,3.5778377056121826,0.6192646622657776
1713016038610673400,1.62067333984375,0.40882155299186707,3.7693440914154053,0.46639561653137207
1713016038628041200,1.638041259765625,0.4499022662639618,4.001014709472656,0.2984076738357544
1713016038645400000,1.655400146484375,0.49296826124191284,4.221384048461914,0.2093740701675415
1713016038662761700,1.67276171875,0.4738787114620209,4.434423446655273,0.1742493063211441
1713016038680123600,1.69012353515625,0.3640756905078888,4.566370487213135,0.16172657907009125
1713016038697482500,1.707482421875,0.21334469318389893,4.719086647033691,0.25702154636383057
1713016038714843400,1.724843505859375,0.10537425428628922,4.835456371307373,0.4337143301963806
1713016038732192800,1.74219287109375,0.0429132841527462,4.8027753829956055,0.6427829265594482
1713016038749564200,1.759564208984375,0.04612032696604729,4.6969428062438965,0.7464773058891296
1713016038766926800,1.7769267578125,0.09483683109283447,4.6970953941345215,0.6348416805267334
1713016038784284700,1.79428466796875,0.1774563491344452,4.882340431213379,0.34636059403419495
1713016038801643000,1.81164306640625,0.27488934993743896,5.148830413818359,0.011301007121801376
1713016038819005400,1.82900537109375,0.3738495409488678,5.477170467376709,-0.23289237916469574
1713016038836368400,1.846368408203125,0.5216789245605469,5.690057277679443,-0.24526239931583405
1713016038853726200,1.863726318359375,0.6860016584396362,5.966473579406738,0.07452555745840073
1713016038871086800,1.8810869140625,0.7463245987892151,6.325662136077881,0.5360342264175415
1713016038888436700,1.898436767578125,0.7333437204360962,6.693403244018555,0.8184067010879517
1713016038905807400,1.915807373046875,0.6378960609436035,6.672175407409668,0.7565566301345825
1713016038923165700,1.933165771484375,0.36453384160995483,6.1845526695251465,0.4567744731903076
1713016038940528400,1.9505283203125,0.022602014243602753,5.583613872528076,0.15592335164546967
1713016038957888300,1.96788818359375,-0.21120665967464447,4.991379737854004,0.027947084978222847
1713016038975249000,1.985248779296875,-0.14126259088516235,4.937776565551758,-0.021380282938480377
1713016038992612000,2.002612060546875,0.09468411654233932,5.018868923187256,0.23518311977386475
1713016039009966000,2.019966064453125,0.11392636597156525,4.731304168701172,0.5490151643753052
1713016039027330300,2.037330322265625,-0.06459899991750717,3.9127445220947266,0.6747006773948669
1713016039044690700,2.054690673828125,-0.3039054572582245,3.3519704341888428,0.6333145499229431
1713016039062050800,2.07205078125,-0.541532039642334,3.1674890518188477,0.52702397108078
1713016039079409200,2.0894091796875,-0.7370089292526245,3.2336151599884033,0.49296826124191284
1713016039096772000,2.106772216796875,-0.7672467231750488,3.3345606327056885,0.543059229850769
1713016039114134500,2.124134521484375,-0.6846272349357605,3.060129404067993,0.5517640113830566
1713016039131497200,2.141497314453125,-0.5400048494338989,2.459343433380127,0.41981714963912964
1713016039148853200,2.158853271484375,-0.3695734739303589,1.9492709636688232,0.1385136991739273
1713016039166213600,2.176213623046875,-0.23609942197799683,1.6169602870941162,-0.004886921960860491
1713016039183574000,2.193573974609375,-0.20693060755729675,1.4272866249084473,0.0659734457731247
1713016039200931800,2.210931884765625,-0.2171625941991806,1.322981357574463,0.10781771689653397
1713016039218294800,2.228294677734375,-0.20082195103168488,1.1864529848098755,0.15256360173225403
1713016039235657700,2.24565771484375,-0.13744467496871948,1.0112874507904053,0.2223549485206604
1713016039253015600,2.263015625,-0.01237002108246088,0.7328855991363525,0.23151792585849762
1713016039270376000,2.2803759765625,0.11911872029304504,0.4867068827152252,0.19028452038764954
1713016039287741700,2.29774169921875,0.17531833052635193,0.42668938636779785,0.11957687139511108
1713016039305096700,2.3150966796875,0.14935655891895294,0.33796119689941406,0.06841690838336945
1713016039322457000,2.33245703125,0.04993823543190956,0.22846360504627228,0.026572637259960175
1713016039339815000,2.34981494140625,-0.06459899991750717,0.056810468435287476,-0.06490442901849747
1713016039357178000,2.36717822265625,-0.11438451707363129,-0.1797471046447754,-0.25534167885780334
1713016039374540800,2.384540771484375,-0.09254608303308487,-0.2519819140434265,-0.43279802799224854
1713016039391898600,2.401898681640625,-0.0981965884566307,-0.29474249482154846,-0.4586070775985718
1713016039409259000,2.419259033203125,-0.11743884533643723,-0.34773504734039307,-0.4001167416572571
1713016039426619600,2.43661962890625,-0.1612684279680252,-0.294437050819397,-0.32162055373191833
1713016039443979800,2.453979736328125,-0.24419337511062622,-0.2817615866661072,-0.26633724570274353
1713016039461340400,2.47134033203125,-0.29046642780303955,-0.31230485439300537,-0.3045163154602051
1713016039478702600,2.48870263671875,-0.28237244486808777,-0.21380282938480377,-0.3095559775829315
1713016039496059400,2.506059326171875,-0.230448916554451,-0.09728029370307922,-0.19456058740615845
1713016039513417000,2.5234169921875,-0.1485929638147354,-0.012522737495601177,-0.06994406878948212
1713016039530773800,2.540773681640625,-0.09025534242391586,0.008399397134780884,-0.06582073122262955
1713016039548145400,2.5581455078125,-0.054367005825042725,-0.025045474991202354,-0.11148291081190109
1713016039565502700,2.575502685546875,-0.045204028487205505,-0.0936150997877121,-0.15302173793315887
1713016039582863000,2.592863037109375,-0.025503624230623245,-0.18219055235385895,-0.1837177276611328
1713016039600221000,2.610220947265625,-0.01924225501716137,-0.29504790902137756,-0.18249599635601044
1713016039617584000,2.627584228515625,-0.02321287989616394,-0.3698789179325104,-0.16065755486488342
1713016039634947000,2.644947021484375,-0.014508049935102463,-0.3446807265281677,-0.1062905490398407
1713016039652304600,2.6623046875,-0.020311269909143448,-0.18677204847335815,-0.005650503560900688
1713016039669665000,2.6796650390625,-0.021838432177901268,-0.031001411378383636,0.07788532227277756
1713016039687008000,2.697008056640625,-0.019853120669722557,0.08261952549219131,0.10781771689653397
1713016039704385800,2.7143857421875,-0.005955935921519995,0.12507465481758118,0.08674286305904388
1713016039721737700,2.73173779296875,0.013439035043120384,0.06719517707824707,0.035582900047302246
1713016039739107000,2.749107177734375,0.03420845419168472,-0.056352317333221436,-0.025045474991202354
1713016039756464600,2.766464599609375,0.08002334833145142,-0.18219055235385895,-0.046273041516542435
1713016039773822500,2.783822509765625,0.10247264802455902,-0.2174680233001709,-0.005955935921519995
1713016039791190800,2.801190673828125,0.10995574295520782,-0.2102903574705124,0.033597588539123535
1713016039808539100,2.8185390625,0.10277807712554932,-0.2370157092809677,0.02672535367310047
1713016039825908700,2.83590869140625,0.08109235763549805,-0.2562579810619354,0.006261368747800589
1713016039843261200,2.85326123046875,0.06368270516395569,-0.21960605680942535,-0.05054909735918045
1713016039860627000,2.870626953125,0.04917465150356293,-0.24862214922904968,-0.16050484776496887
1713016039877990100,2.887990234375,0.04138612002134323,-0.275958389043808,-0.2952006161212921
1713016039895353000,2.90535302734375,0.0354301854968071,-0.23273965716362,-0.41233405470848083
1713016039912711000,2.9227109375,0.02779436856508255,-0.16340644657611847,-0.42012256383895874
1713016039930071300,2.9400712890625,0.011453723534941673,-0.09544769674539566,-0.3223841190338135
1713016039947431700,2.957431640625,0.02626720629632473,-0.08597928285598755,-0.14309518039226532
1713016039964775400,2.974775390625,0.036651913076639175,-0.03741549700498581,0.0503963828086853
1713016039982136800,2.99213671875,0.05390885844826698,0.04489859566092491,0.19364428520202637
1713016039999510800,3.0095107421875,0.06261368840932846,0.12140946835279465,0.28649580478668213
1713016040016873500,3.02687353515625,0.05757404863834381,0.18066339194774628,0.36651915311813354
1713016040034234000,3.044234130859375,0.05390885844826698,0.19898934662342072,0.3975205719470978
1713016040051594000,3.061593994140625,0.042760565876960754,0.19593502581119537,0.3413209617137909
1713016040068957000,3.07895703125,0.03298672288656235,0.18936823308467865,0.21334469318389893
1713016040086310000,3.096309814453125,0.011453723534941673,0.13729196786880493,0.11362093687057495
1713016040103675400,3.11367529296875,0.0024434609804302454,0.08216137439012527,0.05406157299876213
1713016040121040600,3.13104052734375,0.026419922709465027,-0.017867809161543846,-0.01237002108246088
1713016040138396200,3.148396240234375,0.06398813426494598,-0.04688390716910362,-0.035124752670526505
1713016040155754800,3.165754638671875,0.10674870014190674,-0.025961773470044136,0.033597588539123535
1713016040173116200,3.1831162109375,0.13927727937698364,0.00733038317412138,0.13775011897087097
1713016040190479400,3.200479248046875,0.14278975129127502,0.03680463135242462,0.20143280923366547
1713016040207837700,3.217837646484375,0.1287398487329483,0.03375030308961868,0.182648703455925
1713016040225198000,3.235197998046875,0.10293079167604446,0.048258353024721146,0.09987647086381912
1713016040242548500,3.252548583984375,0.08429940044879913,0.096211276948452,0.03344487398862839
1713016040259917800,3.269917724609375,0.06154467165470123,0.14385876059532166,0.06490442901849747
1713016040277279700,3.28727978515625,0.04932736977934837,0.14966198801994324,0.15546520054340363
1713016040294641200,3.30464111328125,0.047189339995384216,0.15485434234142303,0.2422080636024475
1713016040312000500,3.32200048828125,0.043676864355802536,0.15592335164546967,0.26190847158432007
1713016040329360600,3.339360595703125,0.029168816283345222,0.2148718535900116,0.2402227520942688
1713016040346721000,3.356720947265625,-0.003817907767370343,0.33597588539123535,0.2649627923965454
1713016040364075000,3.374074951171875,-0.04566217586398125,0.35659259557724,0.30405816435813904
1713016040381441800,3.39144189453125,-0.076052725315094,0.32299500703811646,0.3344487249851227
1713016040398802400,3.408802490234375,-0.06536258012056351,0.2828305959701538,0.2958115041255951
1713016040416161000,3.4261611328125,-0.035582900047302246,0.2970332205295563,0.2168571650981903
1713016040433511000,3.443510986328125,-0.004886921960860491,0.30802878737449646,0.14614951610565186
1713016040450875400,3.46087548828125,0.027183502912521362,0.46792277693748474,0.08475755155086517
1713016040468230000,3.47822998046875,0.06383541971445084,0.6650795340538025,0.0907134860754013
1713016040485594400,3.495594482421875,0.08857546001672745,0.7774787545204163,0.144622340798378
1713016040502955500,3.51295556640625,0.13347405195236206,0.827111542224884,0.18188512325286865
1713016040520327700,3.53032763671875,0.1661553531885147,0.8926268219947815,0.1788308024406433
1713016040537688000,3.54768798828125,0.15195272862911224,0.8568912148475647,0.13607023656368256
1713016040555046000,3.5650458984375,0.12446379661560059,0.7150177955627441,0.0659734457731247
1713016040572406500,3.582406494140625,0.10659598559141159,0.5050328373908997,0.014049900695681572
1713016040589767000,3.599766845703125,0.11698069423437119,0.2594650089740753,-0.02076941914856434
1713016040607127000,3.617126953125,0.1339322030544281,0.1281289905309677,-0.01114829070866108
1713016040624487400,3.6344873046875,0.12247848510742188,0.08933904021978378,0.04902193695306778
1713016040641837800,3.651837890625,0.09437867999076843,0.08460483700037003,0.10064005106687546
1713016040659208400,3.66920849609375,0.044745877385139465,0.10690141469240189,0.14248432219028473
1713016040676569000,3.686569091796875,0.004123340360820293,0.11407908797264099,0.17577648162841797
1713016040693929200,3.70392919921875,-0.027947084978222847,0.05375614017248154,0.21135938167572021
1713016040711289600,3.72128955078125,-0.03985895588994026,-0.058948494493961334,0.24068090319633484
1713016040728650000,3.73864990234375,-0.029626963660120964,-0.13271047174930573,0.26908615231513977
1713016040746010400,3.75601025390625,-0.007024950347840786,-0.1719585657119751,0.2906191349029541
1713016040763368400,3.773368408203125,0.0025961773935705423,-0.24663683772087097,0.30085113644599915
1713016040780731400,3.7907314453125,0.009773843921720982,-0.37110063433647156,0.3260493278503418
1713016040798091800,3.808091796875,0.03451388701796532,-0.44058656692504883,0.44165557622909546
1713016040815452200,3.8254521484375,0.05650503560900688,-0.42730024456977844,0.6210972666740417
1713016040832800800,3.84280078125,0.0633772686123848,-0.403323769569397,0.7965682744979858
1713016040850173400,3.86017333984375,0.04612032696604729,-0.28725937008857727,0.8659014701843262
1713016040867535600,3.87753564453125,-0.009010262787342072,-0.17043140530586243,0.7895433306694031
1713016040884885800,3.8948857421875,-0.06994406878948212,-0.08659014850854874,0.5534439086914062
1713016040902244000,3.912244140625,-0.11301007121801376,-0.03481931984424591,0.2921462953090668
1713016040919615000,3.929614990234375,-0.13072516024112701,-0.03573561832308769,0.12599095702171326
1713016040936976000,3.946975830078125,-0.1287398487329483,-0.08048149943351746,0.0832303911447525
1713016040954331600,3.96433154296875,-0.10018189996480942,-0.15882496535778046,0.11301007121801376
1713016040971695900,3.98169580078125,-0.06123924255371094,-0.23105977475643158,0.1814269721508026
1713016040989060400,3.999060302734375,-0.04642575979232788,-0.25473082065582275,0.29794952273368835
1713016041006416600,4.016416748046875,-0.06627888232469559,-0.22617286443710327,0.42210787534713745
1713016041023777000,4.033777099609375,-0.11133018881082535,-0.197004035115242,0.5354233980178833
1713016041041118200,4.0511181640625,-0.156686931848526,-0.19578230381011963,0.5878050923347473
1713016041058495700,4.068495849609375,-0.18387043476104736,-0.20341812074184418,0.5810855627059937
1713016041075846700,4.0858466796875,-0.1846340149641037,-0.22800545394420624,0.5258022546768188
1713016041093214500,4.10321435546875,-0.17699819803237915,-0.27580565214157104,0.47601673007011414
1713016041110569000,4.12056884765625,-0.1437060534954071,-0.33567044138908386,0.4737260043621063
1713016041127930000,4.13793017578125,-0.09392052888870239,-0.3813326358795166,0.5488623976707458
1713016041145292000,4.1552919921875,-0.037110064178705215,-0.38117989897727966,0.6968445181846619
1713016041162650000,4.172650146484375,0.007635815534740686,-0.3000875413417816,0.8045095205307007
1713016041180011300,4.19001123046875,0.05955936014652252,-0.2064724564552307,0.8300131559371948
1713016041197371100,4.20737109375,0.11331550031900406,-0.08811730891466141,0.790154218673706
1713016041214731800,4.224731689453125,0.17699819803237915,-0.07757988572120667,0.7031059265136719
1713016041232091100,4.242091064453125,0.1950187236070633,-0.16859880089759827,0.6017022728919983
1713016041249453000,4.259453125,0.18906278908252716,-0.2532036304473877,0.5164865851402283
1713016041266815000,4.27681494140625,0.18112154304981232,-0.35521814227104187,0.45814892649650574
1713016041284174000,4.294174072265625,0.13668109476566315,-0.4291328489780426,0.42409318685531616
1713016041301536800,4.311536865234375,0.08933904021978378,-0.41401392221450806,0.3851505517959595
1713016041318893800,4.328893798828125,0.02275473065674305,-0.3433062732219696,0.3234531581401825
1713016041336253200,4.346253173828125,-0.029626963660120964,-0.2142609804868698,0.2356412708759308
1713016041353621500,4.36362158203125,-0.0529925599694252,-0.11621711403131485,0.17867808043956757
1713016041370987800,4.38098779296875,-0.03985895588994026,-0.08155050873756409,0.15821409225463867
1713016041388342800,4.3983427734375,0.0010690141934901476,-0.05925392732024193,0.16920967400074005
1713016041405706000,4.4157060546875,0.05696318298578262,-0.0377209298312664,0.19456058740615845
1713016041423065300,4.4330654296875,0.09773843735456467,-0.0507018156349659,0.21334469318389893
1713016041440420600,4.450420654296875,0.13148874044418335,-0.10522153973579407,0.2174680233001709
1713016041457787400,4.467787353515625,0.14752395451068878,-0.1472185254096985,0.21502456068992615
1713016041475147800,4.485147705078125,0.13301590085029602,-0.12034045159816742,0.2099849283695221
1713016041492508400,4.50250830078125,0.10216721147298813,-0.0503963828086853,0.20204368233680725
1713016041509866200,4.5198662109375,0.07208210229873657,0.026114489883184433,0.17867808043956757
1713016041527229200,4.537229248046875,0.055283304303884506,0.08200865983963013,0.1736384481191635
1713016041544592100,4.554592041015625,0.038637228310108185,0.08429940044879913,0.18585574626922607
1713016041561955000,4.571955078125,0.019394971430301666,0.05345070734620094,0.19532416760921478
1713016041579304200,4.58930419921875,-0.0009162978967651725,0.024434609338641167,0.1992947906255722
1713016041596671000,4.6066708984375,0.0009162978967651725,0.007024950347840786,0.21441370248794556
1713016041614031000,4.624031005859375,-0.004734205547720194,0.015577063895761967,0.25182920694351196
1713016041631391700,4.641391845703125,-0.020463986322283745,0.023976460099220276,0.3066543638706207
1713016041648750000,4.65875,-0.021991148591041565,0.03527746722102165,0.37598755955696106
1713016041666112800,4.67611279296875,-0.0039706239476799965,0.04993823543190956,0.42699480056762695
1713016041683474700,4.693474609375,0.027488935738801956,0.054825156927108765,0.44516804814338684
1713016041700833300,4.710833251953125,0.04444044828414917,0.042760565876960754,0.41630467772483826
1713016041718184000,4.728183837890625,0.04108068719506264,0.01878410577774048,0.35613444447517395
1713016041735554000,4.745553955078125,0.044135015457868576,-0.02382374368607998,0.328340083360672
1713016041752912000,4.762911865234375,0.06444628536701202,-0.05161811411380768,0.3286454975605011
1713016041770275000,4.780275146484375,0.07498370856046677,-0.06887505948543549,0.34544429183006287
1713016041787638000,4.797637939453125,0.06887505948543549,-0.04566217586398125,0.36422839760780334
1713016041804995800,4.814995849609375,0.0705549344420433,-0.010690141469240189,0.35842517018318176
1713016041822356200,4.832356201171875,0.09453139454126358,0.003359758760780096,0.34666603803634644
1713016041839708400,4.84970849609375,0.14569136500358582,-0.01618792861700058,0.38179078698158264
1713016041876607500,4.886607421875,0.2519819140434265,-0.1391245573759079,0.4662429094314575
1713016041893983200,4.903983154296875,0.24663683772087097,-0.0679587572813034,0.418748140335083
1713016041911328000,4.921327880859375,0.1820378452539444,0.08567385375499725,0.38408151268959045
1713016041928675600,4.938675537109375,0.06979135423898697,0.2028072625398636,0.3839288055896759
1713016041946049300,4.95604931640625,-0.026419922709465027,0.2971859276294708,0.4095851480960846
1713016041963397600,4.973397705078125,-0.1088867336511612,0.33857205510139465,0.44028112292289734
1713016041980769800,4.990769775390625,-0.1537853181362152,0.3019201457500458,0.455705463886261
1713016041998135800,5.0081357421875,-0.16325373947620392,0.16554448008537292,0.43768495321273804
1713016042015534300,5.025534423828125,-0.1267545372247696,0.05864306539297104,0.41172316670417786
1713016042032892700,5.042892578125,-0.0754418596625328,-0.02779436856508255,0.3723223805427551
1713016042050220500,5.060220458984375,-0.00855211354792118,-0.09957103431224823,0.3257438838481903
1713016042067606800,5.077606689453125,0.035582900047302246,-0.11728613078594208,0.3153591752052307
1713016042084948700,5.09494873046875,0.06108652427792549,-0.13377949595451355,0.35185837745666504
1713016042102276600,5.112276611328125,0.051312681287527084,-0.1459967941045761,0.37491855025291443
1713016042119680300,5.12968017578125,0.020922135561704636,-0.1293507218360901,0.3478877544403076
1713016042137006000,5.147006103515625,-0.010690141469240189,-0.10797043144702911,0.30634891986846924
1713016042154374400,5.16437451171875,-0.026419922709465027,-0.1082758679986,0.2710714638233185
1713016042171734500,5.181734619140625,-0.02321287989616394,-0.14324790239334106,0.22999076545238495
1713016042189094700,5.1990947265625,-0.024129176512360573,-0.14813482761383057,0.18646661937236786
1713016042206456600,5.21645654296875,-0.016951510682702065,-0.11789698898792267,0.1609629988670349
1713016042223859700,5.233859619140625,0,-0.0731511116027832,0.13316862285137177
1713016042241219800,5.2512197265625,0.02825251780450344,-0.033139441162347794,0.06185010448098183
1713016042258551000,5.268551025390625,0.058948494493961334,0.006872233934700489,-0.02519819140434265
1713016042275921700,5.285921630859375,0.09544769674539566,0.060322944074869156,-0.0734565481543541
1713016042293284000,5.3032841796875,0.11285735666751862,0.14248432219028473,-0.05650503560900688
1713016042310665200,5.320665283203125,0.13897185027599335,0.15974126756191254,0.006719517521560192
1713016042328004600,5.338004638671875,0.1699732542037964,0.16371189057826996,0.09911288321018219
1713016042345373700,5.355373779296875,0.1869247704744339,0.10125091671943665,0.19746218621730804
1713016042362737200,5.372737060546875,0.1892155110836029,-0.01817324012517929,0.21471913158893585
1713016042380090600,5.390090576171875,0.17638733983039856,-0.14248432219028473,0.14340060949325562
1713016042397443300,5.407443359375,0.15836681425571442,-0.24174992740154266,0.05497787147760391
1713016042414818800,5.42481884765625,0.13087788224220276,-0.27091872692108154,0.02932153269648552
1713016042432175600,5.442175537109375,0.0933096632361412,-0.2145664244890213,0.06887505948543549
1713016042449536000,5.459535888671875,0.023060163483023643,-0.09575312584638596,0.16737708449363708
1713016042466893300,5.476893310546875,-0.035582900047302246,-0.03955352306365967,0.26603180170059204
1713016042484258000,5.494258056640625,-0.0780380368232727,0.008399397134780884,0.33460143208503723
1713016042501605600,5.511605712890625,-0.09498954564332962,0.003359758760780096,0.3199406862258911
1713016042518953000,5.528952880859375,-0.1059851199388504,-0.06551529467105865,0.2594650089740753
1713016042536338000,5.546337890625,-0.11957687139511108,-0.14294247329235077,0.20861047506332397
1713016042553720000,5.563719970703125,-0.14095716178417206,-0.17211128771305084,0.18188512325286865
1713016042571059700,5.581059814453125,-0.16584990918636322,-0.13744467496871948,0.192422553896904
1713016042588424000,5.598423828125,-0.204487144947052,-0.06780604273080826,0.21624629199504852
1713016042605758500,5.615758544921875,-0.22510384023189545,0.004428773187100887,0.2606867551803589
1713016042623114200,5.6331142578125,-0.23945917189121246,0.07422012835741043,0.29184088110923767
1713016042640478700,5.650478759765625,-0.23747386038303375,0.12247848510742188,0.28695395588874817
1713016042657839000,5.667839111328125,-0.22021691501140594,0.14553864300251007,0.247094988822937
1713016042675199200,5.68519921875,-0.18677204847335815,0.13011430203914642,0.2073887437582016
1713016042692557600,5.7025576171875,-0.168751522898674,0.08811730891466141,0.13744467496871948
1713016042709950700,5.71995068359375,-0.16829337179660797,0.10491610318422318,0.044135015457868576
1713016042727307800,5.737307861328125,-0.13026700913906097,0.24388794600963593,0.0006108652451075613
1713016042744662800,5.754662841796875,-0.12965615093708038,0.23915374279022217,0.09743300825357437
1713016042762028500,5.772028564453125,-0.024587325751781464,0.2054034322500229,0.2837468981742859
1713016042779387100,5.78938720703125,0.07925976812839508,0.15347988903522491,0.48716503381729126
1713016042796744700,5.80674462890625,0.14996741712093353,0.08918632566928864,0.5751296281814575
1713016042814102500,5.8241025390625,0.15851953625679016,0.01924225501716137,0.5196936130523682
1713016042831462400,5.84146240234375,0.09789115190505981,-0.038179077208042145,0.37262779474258423
1713016042848826600,5.85882666015625,0.010995574295520782,-0.023518312722444534,0.2301434874534607
1713016042866197800,5.87619775390625,-0.07360926270484924,0.04917465150356293,0.17837265133857727
1713016042883530200,5.8935302734375,-0.12293662875890732,0.08261952549219131,0.2116648107767105
1713016042900912400,5.910912353515625,-0.1488984078168869,0.07880161702632904,0.2684752643108368
1713016042918282200,5.9282822265625,-0.1820378452539444,0.029016099870204926,0.34697145223617554
1713016042935622400,5.945622314453125,-0.1869247704744339,-0.013133603148162365,0.39187005162239075
1713016042952960300,5.962960205078125,-0.18035796284675598,-0.11331550031900406,0.30863967537879944
1713016042970334000,5.980333984375,-0.15332718193531036,-0.21090123057365417,0.0861319974064827
1713016042987688000,5.99768798828125,-0.10903944820165634,-0.32528573274612427,-0.13866640627384186
1713016043005041700,6.015041748046875,-0.0328340083360672,-0.29565876722335815,-0.2483167201280594
1713016043022408000,6.032407958984375,-0.0032070425804704428,-0.1518000066280365,-0.15012013912200928
1713016043039769300,6.049769287109375,-0.009773843921720982,-0.01664607785642147,0.06276640295982361
1713016043057172200,6.067172119140625,-0.010231993161141872,0.1235474944114685,0.2658790946006775
1713016043074482000,6.08448193359375,-0.006872233934700489,0.17318029701709747,0.4063780903816223
1713016043091865900,6.101865966796875,0.00809396430850029,0.12018773704767227,0.41263946890830994
1713016043109206300,6.119206298828125,0.044287730008363724,-0.00015271631127689034,0.3139847218990326
1713016043126567700,6.136567626953125,0.09254608303308487,-0.08185594528913498,0.17760907113552094
1713016043143939300,6.153939208984375,0.12660181522369385,-0.11530081182718277,0.07620543986558914
1713016043161294300,6.17129443359375,0.15729780495166779,-0.12721268832683563,0.055894169956445694
1713016043178647800,6.188647705078125,0.16065755486488342,-0.12339477986097336,0.09224065393209457
1713016043196040400,6.20604052734375,0.14126259088516235,-0.07651086896657944,0.17928895354270935
1713016043213402000,6.223402099609375,0.1241583600640297,0.012675453908741474,0.22739458084106445
1713016043230755000,6.240755126953125,0.09651670604944229,0.08597928285598755,0.23426681756973267
1713016043248120800,6.258120849609375,0.06627888232469559,0.0734565481543541,0.20616702735424042
1713016043265476400,6.275476318359375,0.04596760869026184,0.062460970133543015,0.16600263118743896
1713016043282833700,6.292833740234375,0.03649919852614403,0.05513058975338936,0.13805554807186127
1713016043300196600,6.310196533203125,0.028405234217643738,0.032070424407720566,0.11255192011594772
1713016043317537000,6.327537109375,0.025045474991202354,0.012675453908741474,0.10048733651638031
1713016043334918000,6.34491796875,0.021380282938480377,0.016340645030140877,0.10048733651638031
1713016043352262000,6.362261962890625,0.0032070425804704428,0.008857546374201775,0.076052725315094
1713016043369639000,6.379638916015625,-0.010842857882380486,0.013439035043120384,0.006872233934700489
1713016043386983400,6.3969833984375,-0.021838432177901268,0.03634648025035858,-0.027183502912521362
1713016043404360200,6.414360107421875,-0.027947084978222847,0.029016099870204926,-0.005345070734620094
1713016043421719800,6.4317197265625,-0.029168816283345222,0.019394971430301666,-0.00045814894838258624
1713016043439080700,6.449080810546875,-0.028099801391363144,0.038637228310108185,0.0006108652451075613
1713016043456399400,6.4663994140625,-0.02932153269648552,0.04230241850018501,-0.007788531947880983
1713016043473797400,6.48379736328125,-0.026419922709465027,0.019394971430301666,-0.03436116874217987
1713016043491161300,6.501161376953125,-0.012828170321881771,0.01466076634824276,-0.0682641938328743
1713016043508525800,6.51852587890625,0.0019853119738399982,0.008704829961061478,-0.08261952549219131
1713016043525883100,6.535883056640625,0.016798794269561768,-0.00809396430850029,-0.06918048858642578
1713016043543237000,6.553237060546875,0.026572637259960175,-0.015118914656341076,-0.06902777403593063
1713016043560603100,6.57060302734375,0.02672535367310047,-0.020005837082862854,-0.07147123664617538
1713016043577968000,6.587968017578125,0.019394971430301666,-0.028557950630784035,-0.06185010448098183
1713016043595297300,6.60529736328125,0.010690141469240189,-0.024892758578062057,-0.059406645596027374
1713016043612653300,6.6226533203125,-0.0039706239476799965,-0.021532999351620674,-0.05360342562198639
1713016043630022700,6.640022705078125,-0.015118914656341076,-0.013133603148162365,-0.039095375686883926
1713016043647386000,6.65738623046875,-0.010537425056099892,-0.005803219974040985,-0.01725694350898266
1713016043664741600,6.67474169921875,-0.008246680721640587,-0.0009162978967651725,0.003359758760780096
1713016043682087000,6.6920869140625,-0.003359758760780096,-0.002138028386980295,0.0009162978967651725
1713016043699452400,6.709452392578125,0.0065668015740811825,-0.016493361443281174,-0.0074830991216003895
1713016043716828700,6.72682861328125,0.010537425056099892,-0.031001411378383636,-0.018325956538319588
1713016043734189800,6.74418994140625,0.015577063895761967,-0.03940080851316452,-0.030237829312682152
1713016043751542300,6.761542236328125,0.010690141469240189,-0.038179077208042145,-0.04001167416572571
1713016043768906200,6.77890625,-0.0013744467869400978,-0.03588833287358284,-0.046273041516542435
1713016043786257400,6.79625732421875,-0.009926560334861279,-0.0503963828086853,-0.04260785132646561
1713016043803628300,6.813628173828125,-0.014813481830060482,-0.04199698567390442,-0.039095375686883926
1713016043820963800,6.8309638671875,-0.012675453908741474,-0.015577063895761967,-0.045204028487205505
1713016043838348000,6.84834814453125,-0.005497787147760391,-0.005803219974040985,-0.03420845419168472
1713016043855706000,6.8657060546875,-0.002138028386980295,0.009926560334861279,-0.005192354787141085
1713016043873069300,6.8830693359375,-0.00855211354792118,0.01710422709584236,0.025045474991202354
1713016043890429700,6.9004296875,-0.00733038317412138,0.0003054326225537807,0.03848451003432274
1713016043907795200,6.917795166015625,-0.005955935921519995,-0.010537425056099892,0.03848451003432274
1713016043925218000,6.935218017578125,-0.003359758760780096,-0.018936822190880775,0.018020525574684143
1713016043942566000,6.95256591796875,-0.006872233934700489,-0.012980886735022068,-0.006261368747800589
1713016043959884800,6.969884765625,-0.006872233934700489,-0.011759156361222267,-0.016035212203860283
1713016043977214500,6.98721435546875,0.005192354787141085,0.0039706239476799965,-0.00015271631127689034
1713016043994580200,7.004580322265625,0.01542434748262167,0.011453723534941673,0.07131851464509964
1713016044011944400,7.0219443359375,0.030237829312682152,0.03329215571284294,0.19013181328773499
1713016044029302000,7.039302001953125,0.04444044828414917,0.052839845418930054,0.22907446324825287
1713016044046661000,7.0566611328125,0.0507018156349659,0.0685696229338646,0.18906278908252716
1713016044064020500,7.0740205078125,0.05268712714314461,0.0708603709936142,0.08124507963657379
1713016044081397500,7.0913974609375,0.04596760869026184,0.07192938029766083,-0.0012217304902151227
1713016044098758100,7.108758056640625,0.0354301854968071,0.04046982154250145,-0.013286318629980087
1713016044116115000,7.126114990234375,0.02076941914856434,0.005345070734620094,0.02779436856508255
1713016044133472300,7.14347216796875,0.01466076634824276,0.0065668015740811825,0.036193765699863434
1713016044150828000,7.160828125,0.010231993161141872,-0.014049900695681572,0.0022907445672899485
1713016044168184600,7.1781845703125,0.012828170321881771,-0.01038470957428217,-0.03527746722102165
1713016044185568000,7.195568115234375,0.02733621932566166,0.009010262787342072,-0.03756821155548096
1713016044202928400,7.212928466796875,0.04306599870324135,0.012828170321881771,-0.03375030308961868
1713016044220300500,7.230300537109375,0.06291911751031876,0.0009162978967651725,-0.05054909735918045
1713016044237660400,7.247660400390625,0.07651086896657944,-0.0074830991216003895,-0.06261368840932846
1713016044255020000,7.26502001953125,0.07788532227277756,-0.012217304669320583,-0.08185594528913498
1713016044272380400,7.28238037109375,0.06368270516395569,-0.030543262138962746,-0.10751228034496307
1713016044289742800,7.299742919921875,0.03787364438176155,-0.016340645030140877,-0.11010845750570297
1713016044307102000,7.31710205078125,0.012064588256180286,-0.014049900695681572,-0.08002334833145142
1713016044324462000,7.334462158203125,-0.0039706239476799965,-0.02626720629632473,-0.0377209298312664
1713016044341818000,7.351818115234375,-0.008857546374201775,-0.04077525436878204,-0.028099801391363144
1713016044359180500,7.3691806640625,-0.01970040425658226,-0.058948494493961334,-0.02687807008624077
1713016044376545000,7.386544921875,-0.02687807008624077,-0.05665775015950203,-0.0403171069920063
1713016044393902000,7.403902099609375,-0.031612277030944824,-0.06276640295982361,-0.05971207842230797
1713016044411266800,7.421266845703125,-0.022449297830462456,-0.08445212244987488,-0.11056660860776901
1713016044428629500,7.43862939453125,-0.01878410577774048,-0.1459967941045761,-0.19394971430301666
1713016044445982000,7.45598193359375,-0.02626720629632473,-0.20525072515010834,-0.2617557644844055
1713016044463344000,7.47334423828125,-0.03787364438176155,-0.2776382565498352,-0.24113905429840088
1713016044480709000,7.490709228515625,-0.018020525574684143,-0.4499022662639618,-0.2272418737411499
1713016044498067500,7.5080673828125,0.03390302136540413,-0.6363688707351685,-0.22510384023189545
1713016044515426800,7.5254267578125,0.10064005106687546,-0.7646505832672119,-0.1892155110836029
1713016044532787500,7.542787353515625,0.15790866315364838,-0.8629998564720154,-0.044287730008363724
1713016044550142200,7.56014208984375,0.19165897369384766,-0.7359399199485779,0.016340645030140877
1713016044567481600,7.577481689453125,0.19532416760921478,-0.6249151229858398,0.022143865004181862
1713016044584826400,7.594826416015625,0.1840231567621231,-0.45982882380485535,0.024129176512360573
1713016044602194200,7.612194091796875,0.15913039445877075,-0.29596421122550964,0.041691552847623825
1713016044619559000,7.629558837890625,0.12980885803699493,-0.1817324161529541,0.055741455405950546
1713016044636913700,7.64691357421875,0.10965031385421753,-0.13240504264831543,0.06643159687519073
1713016044654276400,7.6642763671875,0.09728029370307922,-0.11927144229412079,0.08200865983963013
1713016044671636500,7.681636474609375,0.08979719132184982,-0.1108720451593399,0.08200865983963013
1713016044688998700,7.69899853515625,0.08368854224681854,-0.10247264802455902,0.0806342139840126
1713016044706358800,7.71635888671875,0.08506298810243607,-0.11820242553949356,0.08429940044879913
1713016044723720200,7.73372021484375,0.08384125679731369,-0.10980302840471268,0.06612616032361984
1713016044741078300,7.751078369140625,0.07513642311096191,-0.10506882518529892,0.0757472887635231
1713016044758438000,7.76843798828125,0.07269296050071716,-0.12431107461452484,0.11575896292924881
1713016044775800300,7.78580029296875,0.07757988572120667,-0.15317445993423462,0.14004085958003998
1713016044793161200,7.8031611328125,0.08292495459318161,-0.2002110779285431,0.1511891484260559
1713016044810520600,7.8205205078125,0.09682214260101318,-0.26633724570274353,0.16111570596694946
1713016044827880400,7.83788037109375,0.12461651116609573,-0.3396410644054413,0.14095716178417206
1713016044845242000,7.8552421875,0.1472185254096985,-0.37201693654060364,0.09269879758358002
1713016044862602200,7.872602294921875,0.15515977144241333,-0.39614611864089966,0.046731192618608475
1713016044879963600,7.889963623046875,0.16065755486488342,-0.4311181604862213,0.005650503560900688
1713016044897324300,7.90732421875,0.16019940376281738,-0.4732678532600403,-0.0403171069920063
1713016044914684200,7.92468408203125,0.18616119027137756,-0.5925393104553223,-0.09300423413515091
1713016044932045300,7.94204541015625,0.21792617440223694,-0.6995934247970581,-0.12400564551353455
1713016044949403400,7.9594033203125,0.2148718535900116,-0.7226535677909851,-0.16401731967926025
1713016044966793200,7.976793212890625,0.19257527589797974,-0.660192608833313,-0.19944749772548676
1713016044984126700,7.994126708984375,0.16661348938941956,-0.5192354321479797,-0.1843285858631134
1713016045001484500,8.011484619140624,0.11438451707363129,-0.3436116874217987,-0.11484266817569733
1713016045018844700,8.0288447265625,0.0907134860754013,-0.2099849283695221,-0.06322455406188965
1713016045036221400,8.046221435546874,0.09224065393209457,-0.15073099732398987,-0.016035212203860283
1713016045053561600,8.0635615234375,0.10797043144702911,-0.16264286637306213,0.016798794269561768
1713016045070919200,8.080919189453125,0.1264491081237793,-0.19013181328773499,0.01817324012517929
1713016045088298500,8.098298583984375,0.128434419631958,-0.24572055041790009,-0.010690141469240189
1713016045105659400,8.115659423828125,0.11316278576850891,-0.28557950258255005,-0.03741549700498581
1713016045123021000,8.13302099609375,0.0861319974064827,-0.26053401827812195,-0.04612032696604729
1713016045140386000,8.150385986328125,0.043676864355802536,-0.17180584371089935,-0.03222314268350601
1713016045157778400,8.1677783203125,0.012217304669320583,-0.07910704612731934,-0.030237829312682152
1713016045175123700,8.185123779296875,-0.0039706239476799965,-0.031154127791523933,-0.04138612002134323
1713016045192481300,8.202481201171874,-0.001679879380390048,-0.022602014243602753,-0.03405573591589928
1713016045209836000,8.2198359375,0.011453723534941673,-0.0019853119738399982,-0.025503624230623245
1713016045227209000,8.237208984375,0.028099801391363144,0.039248090237379074,-0.012217304669320583
1713016045244569900,8.25456982421875,0.03741549700498581,0.08506298810243607,-0.018325956538319588
1713016045261910500,8.27191064453125,0.03833179548382759,0.13576480746269226,-0.04138612002134323
1713016045279290600,8.28929052734375,0.02687807008624077,0.19349156320095062,-0.05497787147760391
1713016045296646400,8.306646484375,0.0006108652451075613,0.2704605758190155,-0.0734565481543541
1713016045314006800,8.3240068359375,-0.03176499158143997,0.3617849349975586,-0.09575312584638596
1713016045331368700,8.34136865234375,-0.0630718395113945,0.43615779280662537,-0.09498954564332962
1713016045348728000,8.35872802734375,-0.09193521738052368,0.5203045010566711,-0.08689557760953903
1713016045366088400,8.37608837890625,-0.11591167747974396,0.6046038866043091,-0.0910189226269722
1713016045383432000,8.393431884765626,-0.1264491081237793,0.6659958362579346,-0.07299839705228806
1713016045400793900,8.4107939453125,-0.13041973114013672,0.6815729141235352,-0.05009094998240471
1713016045418133200,8.42813330078125,-0.1281289905309677,0.688903272151947,-0.04764748737215996
1713016045435532500,8.445532470703125,-0.12690725922584534,0.70692378282547,-0.05619960278272629
1713016045452905500,8.462905517578125,-0.1082758679986,0.6733261942863464,-0.06673702597618103
1713016045470249200,8.480249267578126,-0.07422012835741043,0.6725626587867737,-0.05192354694008827
1713016045487611600,8.497611572265624,-0.0503963828086853,0.7354817390441895,-0.0555887371301651
1713016045504971500,8.514971435546874,-0.030085112899541855,0.8176431059837341,-0.09911288321018219
1713016045522339800,8.53233984375,-0.0019853119738399982,0.8613200187683105,-0.15714508295059204
1713016045539666000,8.549666015625,0.022907447069883347,0.8542950749397278,-0.2125810980796814
1713016045557031000,8.567031005859375,0.046731192618608475,0.799011766910553,-0.23411411046981812
1713016045574391000,8.58439111328125,0.05971207842230797,0.6785185933113098,-0.1840231567621231
1713016045591751700,8.601751708984375,0.05925392732024193,0.5555819272994995,-0.12079860270023346
1713016045609113600,8.619113525390626,0.03985895588994026,0.5108360648155212,-0.08216137439012527
1713016045626496800,8.636496826171875,0.005650503560900688,0.5117523670196533,-0.07635815441608429
1713016045643860700,8.65386083984375,-0.03375030308961868,0.5329799056053162,-0.0633772686123848
1713016045661224400,8.671224365234375,-0.07483099400997162,0.5942191481590271,-0.023976460099220276
1713016045678577400,8.688577392578125,-0.11698069423437119,0.6383541822433472,0.009468411095440388
1713016045695937800,8.705937744140625,-0.14065171778202057,0.6586654782295227,0.03833179548382759
1713016045713284400,8.723284423828124,-0.16554448008537292,0.6681338548660278,0.08414668589830399
1713016045730651000,8.74065087890625,-0.1742493063211441,0.6548475623130798,0.13011430203914642
1713016045748031000,8.758031005859374,-0.17180584371089935,0.6319400668144226,0.15806138515472412
1713016045765378800,8.77537890625,-0.164170041680336,0.5742133259773254,0.19333885610103607
1713016045782739000,8.792739013671875,-0.14676037430763245,0.5164865851402283,0.22388210892677307
1713016045800128800,8.810128662109374,-0.12110403180122375,0.4963280260562897,0.244804248213768
1713016045817460500,8.82746044921875,-0.10567969083786011,0.5230533480644226,0.2715296149253845
1713016045834803700,8.8448037109375,-0.10277807712554932,0.5700899958610535,0.29565876722335815
1713016045852180500,8.862180419921875,-0.10415252298116684,0.5821545720100403,0.30543261766433716
1713016045869553700,8.8795537109375,-0.11423180252313614,0.6157521605491638,0.3149010241031647
1713016045886915800,8.896915771484375,-0.11468994617462158,0.6351471543312073,0.3378084897994995
1713016045904262100,8.91426220703125,-0.12140946835279465,0.679740309715271,0.3680463135242462
1713016045921622300,8.931622314453126,-0.11682797968387604,0.7099781036376953,0.36071592569351196
1713016045938978600,8.948978515625,-0.10613783448934555,0.654542088508606,0.318566232919693
1713016045956344300,8.96634423828125,-0.10018189996480942,0.5809328556060791,0.2715296149253845
1713016045973699000,8.983698974609375,-0.1014036312699318,0.5048801302909851,0.20616702735424042
1713016045991075000,9.001074951171875,-0.10842858254909515,0.4251621961593628,0.11301007121801376
1713016046008428000,9.018427978515625,-0.11194105446338654,0.34544429183006287,0.03191770985722542
1713016046025744600,9.03574462890625,-0.10735956579446793,0.29474249482154846,-0.02367102913558483
1713016046043123500,9.05312353515625,-0.11682797968387604,0.2790127098560333,-0.044287730008363724
1713016046060483600,9.070483642578125,-0.12278391420841217,0.2692388594150543,-0.0455094613134861
1713016046077844000,9.087843994140625,-0.12049316614866257,0.28130343556404114,-0.034666601568460464
1713016046095209000,9.105208984375,-0.11591167747974396,0.3006984293460846,-0.03222314268350601
1713016046112576800,9.12257666015625,-0.13011430203914642,0.36682456731796265,-0.011759156361222267
1713016046129954300,9.139954345703124,-0.15424346923828125,0.4570799171924591,-0.006108652334660292
1713016046147308000,9.15730810546875,-0.16798794269561768,0.5135849714279175,-0.027030786499381065
1713016046164669000,9.1746689453125,-0.17821992933750153,0.5448917746543884,-0.012675453908741474
1713016046182033700,9.19203369140625,-0.1742493063211441,0.5111414790153503,-0.0064140851609408855
1713016046199390000,9.209389892578125,-0.15882496535778046,0.4509712755680084,-0.025656340643763542
1713016046216795000,9.226794921875,-0.12980885803699493,0.37048977613449097,-0.05665775015950203
1713016046234111200,9.244111328125,-0.10613783448934555,0.31642818450927734,-0.04657847434282303
1713016046251455000,9.261455078125,-0.09147707372903824,0.2791654169559479,-0.008857546374201775
1713016046268831000,9.2788310546875,-0.09285151958465576,0.2672535479068756,0.033597588539123535
1713016046286177300,9.29617724609375,-0.09498954564332962,0.21044307947158813,0.05665775015950203
1713016046303562000,9.31356201171875,-0.09544769674539566,0.13927727937698364,0.04703662544488907
1713016046320862700,9.33086279296875,-0.09560041129589081,0.16951510310173035,0.04092797264456749
1713016046338265000,9.34826513671875,-0.09498954564332962,0.21288654208183289,0.05910121276974678
1713016046355634000,9.365634033203126,-0.10399980843067169,0.2370157092809677,0.09407325088977814
1713016046372994600,9.38299462890625,-0.10644327104091644,0.22739458084106445,0.11102475970983505
1713016046390351400,9.400351318359375,-0.09498954564332962,0.17562375962734222,0.11484266817569733
1713016046407711700,9.417711669921875,-0.07666359096765518,0.15531249344348907,0.12232576310634613
1713016046425078300,9.435078369140625,-0.07192938029766083,0.16982053220272064,0.14049901068210602
1713016046442419500,9.45241943359375,-0.06963863968849182,0.1794416606426239,0.1333213448524475
1713016046459796200,9.469796142578126,-0.0705549344420433,0.16142113506793976,0.11881329119205475
1713016046477156000,9.487156005859376,-0.07498370856046677,0.13836097717285156,0.10308351367712021
1713016046494510800,9.5045107421875,-0.07070764899253845,0.07925976812839508,0.08506298810243607
1713016046511855000,9.521855224609375,-0.03787364438176155,-0.027641652151942253,0.06979135423898697
1713016046529213000,9.539212890625,0.020616702735424042,-0.13209961354732513,0.06811147183179855
1713016046546576400,9.556576416015625,0.07360926270484924,-0.18219055235385895,0.05161811411380768
1713016046563939600,9.573939697265626,0.10705413669347763,-0.17592918872833252,-0.003817907767370343
1713016046581298200,9.591298095703126,0.13057245314121246,-0.17088955640792847,-0.05925392732024193
1713016046598681600,9.608681640625,0.1336267739534378,-0.18417587876319885,-0.12110403180122375
1713016046616009700,9.626009765625,0.1235474944114685,-0.21823160350322723,-0.20097467303276062
1713016046633348900,9.643348876953125,0.10461067408323288,-0.2050980031490326,-0.2921462953090668
1713016046650765600,9.660765625,0.08139779418706894,-0.15714508295059204,-0.35659259557724
1713016046668125400,9.67812548828125,0.060322944074869156,-0.11285735666751862,-0.35811975598335266
1713016046685458700,9.695458740234375,0.04153883829712868,-0.12018773704767227,-0.29886582493782043
1713016046702842000,9.712842041015625,0.028099801391363144,-0.1647808998823166,-0.2382374405860901
1713016046720199700,9.73019970703125,0.019853120669722557,-0.23839016258716583,-0.18738290667533875
1713016046737563400,9.7475634765625,0.019547687843441963,-0.3289509415626526,-0.17623461782932281
1713016046754934800,9.764934814453126,0.01817324012517929,-0.42180246114730835,-0.19914206862449646
1713016046772284000,9.782283935546875,0.010079276748001575,-0.4628831446170807,-0.21960605680942535
1713016046789645800,9.799645751953125,-0.006261368747800589,-0.5258022546768188,-0.23182335495948792
1713016046806962000,9.8169619140625,-0.001527163083665073,-0.6053674817085266,-0.26190847158432007
1713016046824321800,9.83432177734375,0.0074830991216003895,-0.6342308521270752,-0.2883284091949463
1713016046841688000,9.85168798828125,0.009162978269159794,-0.6728680729866028,-0.2942843437194824
1713016046859050500,9.869050537109375,0.02015855349600315,-0.7657195925712585,-0.3413209617137909
1713016046876415200,9.886415283203124,0.04688390716910362,-0.9138544201850891,-0.4509712755680084
1713016046893774000,9.903774169921874,0.08384125679731369,-1.0088438987731934,-0.5522221922874451
1713016046911148500,9.9211484375,0.10048733651638031,-1.041372537612915,-0.59803706407547
1713016046928507400,9.93850732421875,0.11514809727668762,-1.0207557678222656,-0.6294966340065002
1713016046945866800,9.95586669921875,0.11667526513338089,-0.8976664543151855,-0.6794348955154419
1713016046963229000,9.97322900390625,0.10583240538835526,-0.7699956297874451,-0.6991352438926697
1713016046980587000,9.9905869140625,0.07238753139972687,-0.6171266436576843,-0.6537785530090332
1713016046997948700,10.00794873046875,0.04917465150356293,-0.5015203952789307,-0.645684540271759
1713016047015295700,10.025295654296874,0.018478672951459885,-0.4283692538738251,-0.7151705026626587
1713016047032656000,10.04265576171875,-0.014355333521962166,-0.39614611864089966,-0.7748825550079346
1713016047050014000,10.060013916015626,-0.031154127791523933,-0.31062498688697815,-0.764345109462738
1713016047067382300,10.07738232421875,-0.06276640295982361,-0.24465152621269226,-0.699288010597229
1713016047084758300,10.09475830078125,-0.08338310569524765,-0.2532036304473877,-0.6994407176971436
1713016047102122800,10.112122802734374,-0.09117163717746735,-0.2942843437194824,-0.755182147026062
1713016047119490800,10.12949072265625,-0.08933904021978378,-0.30772337317466736,-0.8084801435470581
1713016047136855300,10.146855224609375,-0.08078692853450775,-0.2967278063297272,-0.8326093554496765
1713016047154211000,10.164211181640624,-0.0754418596625328,-0.22067506611347198,-0.8352054953575134
1713016047171574500,10.181574462890625,-0.07147123664617538,-0.10002918541431427,-0.8655960559844971
1713016047188970500,10.198970458984375,-0.08979719132184982,-0.07009678333997726,-0.8985827565193176
1713016047206293000,10.21629296875,-0.1189660057425499,-0.15974126756191254,-0.9495900273323059
1713016047223653000,10.233653076171874,-0.13484850525856018,-0.280539870262146,-0.9567676782608032
1713016047241013500,10.251013427734375,-0.1485929638147354,-0.25534167885780334,-0.9424123764038086
1713016047258379000,10.26837890625,-0.17150041460990906,-0.1843285858631134,-0.9282097220420837
1713016047275745500,10.28574560546875,-0.19135354459285736,-0.15913039445877075,-0.9017898440361023
1713016047293097500,10.303097412109375,-0.2102903574705124,-0.1339322030544281,-0.8655960559844971
1713016047310454300,10.320454345703125,-0.2171625941991806,-0.07009678333997726,-0.840397834777832
1713016047327818500,10.337818603515625,-0.21868975460529327,-0.044745877385139465,-0.8295549750328064
1713016047345184000,10.35518408203125,-0.2064724564552307,-0.08445212244987488,-0.7906123399734497
1713016047362523100,10.372523193359376,-0.18280142545700073,-0.07330382615327835,-0.7031059265136719
1713016047379899000,10.38989892578125,-0.16401731967926025,-0.06704246252775192,-0.6049093008041382
1713016047397256000,10.407255859375,-0.14156801998615265,-0.02687807008624077,-0.5575672388076782
1713016047414606300,10.4246064453125,-0.10537425428628922,0.009621127508580685,-0.5572618246078491
1713016047431981300,10.441981201171876,-0.07635815441608429,0.041233405470848083,-0.5630650520324707
1713016047449341000,10.4593408203125,-0.055283304303884506,0.010079276748001575,-0.560468852519989
1713016047466700800,10.47670068359375,-0.040164388716220856,-0.052381694316864014,-0.5542075037956238
1713016047484036000,10.4940361328125,-0.022449297830462456,-0.10659598559141159,-0.5659666657447815
1713016047501397800,10.511397705078124,-0.009468411095440388,-0.15347988903522491,-0.5997169613838196
1713016047518747400,10.528747314453126,0.0074830991216003895,-0.2125810980796814,-0.6769914031028748
1713016047536109600,10.546109619140625,0.028099801391363144,-0.2594650089740753,-0.7567093372344971
1713016047553474600,10.563474609375,0.05268712714314461,-0.2194533348083496,-0.8327620625495911
1713016047570831400,10.580831298828125,0.06918048858642578,-0.13011430203914642,-0.8643743395805359
1713016047588189000,10.59818896484375,0.08032877743244171,-0.025045474991202354,-0.8633053302764893
1713016047605563000,10.61556298828125,0.07757988572120667,0.08231408894062042,-0.7932085394859314
1713016047622928000,10.632927978515625,0.06398813426494598,0.13775011897087097,-0.6940956115722656
1713016047640287700,10.650287841796874,0.048105638474226,0.10751228034496307,-0.646906316280365
1713016047657644800,10.667644775390626,0.02535090781748295,0.07590000331401825,-0.6604980230331421
1713016047675005400,10.68500537109375,0.00015271631127689034,0.0659734457731247,-0.7018841505050659
1713016047692366600,10.70236669921875,-0.021532999351620674,0.06459899991750717,-0.7286095023155212
1713016047709756400,10.71975634765625,-0.04505131021142006,0.08246681094169617,-0.7156286239624023
1713016047727114200,10.7371142578125,-0.07101308554410934,0.07864890247583389,-0.6710354685783386
1713016047744468700,10.75446875,-0.09773843735456467,0.05421429127454758,-0.6444628238677979
1713016047761801200,10.77180126953125,-0.1062905490398407,0.06505715101957321,-0.6711881756782532
1713016047779178200,10.78917822265625,-0.10231992602348328,0.09147707372903824,-0.7330383062362671
1713016047796505000,10.806505126953125,-0.09544769674539566,0.06017022579908371,-0.7959573864936829
1713016047813908500,10.823908447265625,-0.08720101416110992,0.08918632566928864,-0.8068002462387085
1713016047831243500,10.841243408203125,-0.07773260027170181,0.17379115521907806,-0.7050912380218506
1713016047848616200,10.8586162109375,-0.076052725315094,0.24877487123012543,-0.5526803135871887
1713016047865992200,10.8759921875,-0.10277807712554932,0.266642689704895,-0.42699480056762695
1713016047883352300,10.893352294921876,-0.11743884533643723,0.23518311977386475,-0.3761402666568756
1713016047900714500,10.910714599609374,-0.11575896292924881,0.166460782289505,-0.3637702465057373
1713016047918073900,10.928073974609376,-0.11484266817569733,0.09285151958465576,-0.37827831506729126
1713016047935420000,10.945419921875,-0.11652254313230515,0.038637228310108185,-0.40362921357154846
1713016047952789000,10.9627890625,-0.11881329119205475,0.022907447069883347,-0.4046982228755951
1713016047970128600,10.980128662109376,-0.11942415684461594,0.05421429127454758,-0.370947927236557
1713016047987494100,10.997494140625,-0.11972958594560623,0.06154467165470123,-0.33826664090156555
1713016048004841200,11.01484130859375,-0.12186761945486069,0.019394971430301666,-0.3321579694747925
1713016048022180900,11.032180908203125,-0.10766500234603882,-0.036041051149368286,-0.35735616087913513
1713016048039576000,11.049576171875,-0.06612616032361984,-0.02474004216492176,-0.37629300355911255
1713016048056963300,11.06696337890625,0.008399397134780884,0.04948008432984352,-0.31520646810531616
1713016048074323500,11.084323486328126,0.06673702597618103,0.11407908797264099,-0.2070833146572113
1713016048091677700,11.101677734375,0.08338310569524765,0.11560624837875366,-0.15241087973117828
1713016048108997400,11.118997314453125,0.0659734457731247,0.03695734590291977,-0.1814269721508026
1713016048126372000,11.1363720703125,0.03420845419168472,-0.03451388701796532,-0.23976461589336395
1713016048143741000,11.153740966796875,0.010537425056099892,-0.05650503560900688,-0.31749722361564636
1713016048161097700,11.17109765625,-0.019394971430301666,-0.04841107130050659,-0.3952298164367676
1713016048178441500,11.18844140625,-0.050854530185461044,-0.030695978552103043,-0.46105054020881653
1713016048195806500,11.205806396484375,-0.06414084881544113,-0.0019853119738399982,-0.5096143484115601
1713016048213172700,11.2231728515625,-0.06780604273080826,0.016035212203860283,-0.5375614166259766
1713016048230528000,11.240528076171875,-0.08720101416110992,0.018325956538319588,-0.5450445413589478
1713016048247891500,11.257891357421874,-0.1111774742603302,0.057879481464624405,-0.5065600275993347
1713016048265248000,11.275248046875,-0.12767083942890167,0.10231992602348328,-0.4740314185619354
1713016048282609400,11.292609375,-0.12889257073402405,0.09987647086381912,-0.4619668424129486
1713016048299968800,11.30996875,-0.12980885803699493,0.04688390716910362,-0.4509712755680084
1713016048317332500,11.32733251953125,-0.1319468915462494,0.008246680721640587,-0.42302417755126953
1713016048334692000,11.344692138671874,-0.12018773704767227,0.020463986322283745,-0.3901901841163635
1713016048352051500,11.362051513671876,-0.10965031385421753,0.04352414980530739,-0.35384368896484375
1713016048369411000,11.3794111328125,-0.09407325088977814,0.05696318298578262,-0.33078351616859436
1713016048386773000,11.39677294921875,-0.07559457421302795,0.03787364438176155,-0.3449861407279968
1713016048404131800,11.4141318359375,-0.06551529467105865,0.011453723534941673,-0.347276896238327
1713016048421494000,11.431493896484374,-0.05451972410082817,-0.007788531947880983,-0.32421672344207764
1713016048438853400,11.448853271484374,-0.038026362657547,0.01542434748262167,-0.2793181240558624
1713016048456215800,11.4662158203125,-0.02474004216492176,0.014355333521962166,-0.251218318939209
1713016048473574400,11.483574462890624,-0.02015855349600315,0.032528575509786606,-0.23915374279022217
1713016048490935800,11.500935791015625,-0.03130684420466423,0.04199698567390442,-0.22479841113090515
1713016048508296700,11.518296630859375,-0.05345070734620094,0.05268712714314461,-0.21410827338695526
1713016048525657000,11.535656982421875,-0.05742133408784866,0.08399397134780884,-0.21533000469207764
1713016048543015400,11.553015380859375,-0.048258353024721146,0.12629638612270355,-0.19593502581119537
1713016048560391700,11.5703916015625,-0.046731192618608475,0.16142113506793976,-0.1258382350206375
1713016048577748500,11.58774853515625,-0.044745877385139465,0.14584407210350037,-0.048105638474226
1713016048595114800,11.60511474609375,-0.030695978552103043,0.0832303911447525,-0.04184427112340927
1713016048612460500,11.62246044921875,-0.020463986322283745,-0.03497203439474106,-0.10934487730264664
1713016048629826600,11.63982666015625,-0.0074830991216003895,-0.09392052888870239,-0.14309518039226532
1713016048647212300,11.65721240234375,-0.00427605677396059,-0.06261368840932846,-0.11530081182718277
1713016048664553700,11.6745537109375,-0.020616702735424042,-0.039706241339445114,-0.09605856239795685
